{
  "project_info": {
    "project_number": "169347240776",
    "firebase_url": "https://jakarta-bike-hub-235511.firebaseio.com",
    "project_id": "jakarta-bike-hub-235511",
    "storage_bucket": "jakarta-bike-hub-235511.appspot.com"
  },
  "client": [
    {
      "client_info": {
        "mobilesdk_app_id": "1:169347240776:android:aacb63bf35caab0b",
        "android_client_info": {
          "package_name": "com.jakartabikehub"
        }
      },
      "oauth_client": [
        {
          "client_id": "169347240776-v9m04k6phk56d52ajcencrkjler4i5ve.apps.googleusercontent.com",
          "client_type": 3
        }
      ],
      "api_key": [
        {
          "current_key": "AIzaSyA6HJZ3HFiheLRYPgjivs_HJBaig8iswCA"
        }
      ],
      "services": {
        "analytics_service": {
          "status": 1
        },
        "appinvite_service": {
          "status": 1,
          "other_platform_oauth_client": []
        },
        "ads_service": {
          "status": 2
        }
      }
    }
  ],
  "configuration_version": "1"
}